id	shape	expect	cmd_del	cmd_sec	cmd_vb	cmd_gh	res_del	res_sec	res_vb	res_gh	why_del	why_sec	why_vb	why_gh
S01	plain	deny	rm -P x	printenv GH_TOKEN	git push --force origin main	gh auth login	ok:deny	ok:deny	ok:deny	ok:deny	BLOCKED (rm-P): this command deletes or destroys data outside the Tras	 BLOCKED -- this command would print a credential into the transcript.	Force push to main/master is not allowed: the refspec main updates mai	Blocked: 'gh auth login/setup-git/refresh' re-add HTTPS credential hel [(enforce-gh-ssh-only: gh-auth)]
S02	after ;	deny	echo a; rm -P x	echo a; printenv GH_TOKEN	echo a; git push --force origin main	echo a; gh auth login	ok:deny	ok:deny	ok:deny	ok:deny	BLOCKED (rm-P): this command deletes or destroys data outside the Tras	 BLOCKED -- this command would print a credential into the transcript.	Force push to main/master is not allowed: the refspec main updates mai	Blocked: 'gh auth login/setup-git/refresh' re-add HTTPS credential hel [(enforce-gh-ssh-only: gh-auth)]
S03	after &&	deny	true && rm -P x	true && printenv GH_TOKEN	true && git push --force origin main	true && gh auth login	ok:deny	ok:deny	ok:deny	ok:deny	BLOCKED (rm-P): this command deletes or destroys data outside the Tras	 BLOCKED -- this command would print a credential into the transcript.	Force push to main/master is not allowed: the refspec main updates mai	Blocked: 'gh auth login/setup-git/refresh' re-add HTTPS credential hel [(enforce-gh-ssh-only: gh-auth)]
S04	after ||	deny	false || rm -P x	false || printenv GH_TOKEN	false || git push --force origin main	false || gh auth login	ok:deny	ok:deny	ok:deny	ok:deny	BLOCKED (rm-P): this command deletes or destroys data outside the Tras	 BLOCKED -- this command would print a credential into the transcript.	Force push to main/master is not allowed: the refspec main updates mai	Blocked: 'gh auth login/setup-git/refresh' re-add HTTPS credential hel [(enforce-gh-ssh-only: gh-auth)]
S05	after newline	deny	echo a\nrm -P x	echo a\nprintenv GH_TOKEN	echo a\ngit push --force origin main	echo a\ngh auth login	ok:deny	ok:deny	ok:deny	ok:deny	BLOCKED (rm-P): this command deletes or destroys data outside the Tras	 BLOCKED -- this command would print a credential into the transcript.	Force push to main/master is not allowed: the refspec main updates mai	Blocked: 'gh auth login/setup-git/refresh' re-add HTTPS credential hel [(enforce-gh-ssh-only: gh-auth)]
S06	backgrounded &	deny	rm -P x &	printenv GH_TOKEN &	git push --force origin main &	gh auth login &	ok:deny	ok:deny	ok:deny	ok:deny	BLOCKED (rm-P): this command deletes or destroys data outside the Tras	 BLOCKED -- this command would print a credential into the transcript.	Force push to main/master is not allowed: the refspec main updates mai	Blocked: 'gh auth login/setup-git/refresh' re-add HTTPS credential hel [(enforce-gh-ssh-only: gh-auth)]
S07	pipeline, right side	deny	echo a | rm -P x	echo a | printenv GH_TOKEN	echo a | git push --force origin main	echo a | gh auth login	ok:deny	ok:deny	ok:deny	ok:deny	BLOCKED (rm-P): this command deletes or destroys data outside the Tras	 BLOCKED -- this command would print a credential into the transcript.	Force push to main/master is not allowed: the refspec main updates mai	Blocked: 'gh auth login/setup-git/refresh' re-add HTTPS credential hel [(enforce-gh-ssh-only: gh-auth)]
S08	pipeline, left side	deny	rm -P x | cat	printenv GH_TOKEN | cat	git push --force origin main | cat	gh auth login | cat	ok:deny	ok:deny	ok:deny	ok:deny	BLOCKED (rm-P): this command deletes or destroys data outside the Tras	 BLOCKED -- this command would print a credential into the transcript.	Force push to main/master is not allowed: the refspec main updates mai	Blocked: 'gh auth login/setup-git/refresh' re-add HTTPS credential hel [(enforce-gh-ssh-only: gh-auth)]
S09	$(...)	deny	echo $(rm -P x)	echo $(printenv GH_TOKEN)	echo $(git push --force origin main)	echo $(gh auth login)	ok:deny	ok:deny	ok:deny	ok:deny	BLOCKED (rm-P): this command deletes or destroys data outside the Tras	 BLOCKED -- this command would print a credential into the transcript.	Force push to main/master is not allowed: the refspec main updates mai	Blocked: 'gh auth login/setup-git/refresh' re-add HTTPS credential hel [inside a nested shell body (enforce-gh-ssh-only: gh-auth)]
S10	"$(...)" in double quotes	deny	echo "$(rm -P x)"	echo "$(printenv GH_TOKEN)"	echo "$(git push --force origin main)"	echo "$(gh auth login)"	ok:deny	ok:deny	ok:deny	ok:deny	BLOCKED (rm-P): this command deletes or destroys data outside the Tras	 BLOCKED -- this command would print a credential into the transcript.	Force push to main/master is not allowed: the refspec main updates mai	Blocked: 'gh auth login/setup-git/refresh' re-add HTTPS credential hel [inside a nested shell body (enforce-gh-ssh-only: gh-auth)]
S11	backticks	deny	echo `rm -P x`	echo `printenv GH_TOKEN`	echo `git push --force origin main`	echo `gh auth login`	ok:deny	ok:deny	ok:deny	ok:deny	BLOCKED (rm-P): this command deletes or destroys data outside the Tras	 BLOCKED -- this command would print a credential into the transcript.	Force push to main/master is not allowed: a git push that may force (a [cannot parse it (inside backticks)]	Blocked: 'gh auth login/setup-git/refresh' re-add HTTPS credential hel [inside a nested shell body (enforce-gh-ssh-only: gh-auth)]
S12	bash -c '...'	deny	bash -c 'rm -P x'	bash -c 'printenv GH_TOKEN'	bash -c 'git push --force origin main'	bash -c 'gh auth login'	ok:deny	ok:deny	ok:deny	ok:deny	BLOCKED (rm-P): this command deletes or destroys data outside the Tras	 BLOCKED -- this command would print a credential into the transcript. [inside bash -c:]	Force push to main/master is not allowed: a git push that may force (a [cannot parse it (inside bash -c)]	Blocked: 'gh auth login/setup-git/refresh' re-add HTTPS credential hel [inside a nested shell body (enforce-gh-ssh-only: gh-auth)]
S13	sh -c "..."	deny	sh -c "rm -P x"	sh -c "printenv GH_TOKEN"	sh -c "git push --force origin main"	sh -c "gh auth login"	ok:deny	ok:deny	ok:deny	ok:deny	BLOCKED (rm-P): this command deletes or destroys data outside the Tras	 BLOCKED -- this command would print a credential into the transcript. [inside sh -c:]	Force push to main/master is not allowed: a git push that may force (a [cannot parse it (inside sh -c)]	Blocked: 'gh auth login/setup-git/refresh' re-add HTTPS credential hel [inside a nested shell body (enforce-gh-ssh-only: gh-auth)]
S14	zsh -c '...'	deny	zsh -c 'rm -P x'	zsh -c 'printenv GH_TOKEN'	zsh -c 'git push --force origin main'	zsh -c 'gh auth login'	ok:deny	ok:deny	ok:deny	ok:deny	BLOCKED (rm-P): this command deletes or destroys data outside the Tras	 BLOCKED -- this command would print a credential into the transcript. [inside zsh -c:]	Force push to main/master is not allowed: a git push that may force (a [cannot parse it (inside zsh -c)]	Blocked: 'gh auth login/setup-git/refresh' re-add HTTPS credential hel [inside a nested shell body (enforce-gh-ssh-only: gh-auth)]
S15	bash -lc (clustered flag)	deny	bash -lc 'rm -P x'	bash -lc 'printenv GH_TOKEN'	bash -lc 'git push --force origin main'	bash -lc 'gh auth login'	ok:deny	ok:deny	ok:deny	ok:deny	BLOCKED (rm-P): this command deletes or destroys data outside the Tras	 BLOCKED -- this command would print a credential into the transcript. [inside bash -c:]	Force push to main/master is not allowed: a git push that may force (a [cannot parse it (inside bash -c)]	Blocked: 'gh auth login/setup-git/refresh' re-add HTTPS credential hel [inside a nested shell body (enforce-gh-ssh-only: gh-auth)]
S16	eval "..."	deny	eval "rm -P x"	eval "printenv GH_TOKEN"	eval "git push --force origin main"	eval "gh auth login"	ok:deny	ok:deny	ok:deny	ok:deny	BLOCKED (rm-P): this command deletes or destroys data outside the Tras	 BLOCKED -- this command would print a credential into the transcript. [inside eval:]	Force push to main/master is not allowed: a git push that may force (a [cannot parse it (inside eval)]	Blocked: 'gh auth login/setup-git/refresh' re-add HTTPS credential hel [inside a nested shell body (enforce-gh-ssh-only: gh-auth)]
S17	eval unquoted words	deny	eval rm -P x	eval printenv GH_TOKEN	eval git push --force origin main	eval gh auth login	ok:deny	ok:deny	ok:deny	ok:deny	BLOCKED (rm-P): this command deletes or destroys data outside the Tras	 BLOCKED -- this command would print a credential into the transcript. [inside eval:]	Force push to main/master is not allowed: a git push that may force (a [cannot parse it (inside eval)]	Blocked: 'gh auth login/setup-git/refresh' re-add HTTPS credential hel [inside a nested shell body (enforce-gh-ssh-only: gh-auth)]
S18	( subshell )	deny	( rm -P x )	( printenv GH_TOKEN )	( git push --force origin main )	( gh auth login )	ok:deny	ok:deny	ok:deny	ok:deny	BLOCKED (rm-P): this command deletes or destroys data outside the Tras	 BLOCKED -- this command would print a credential into the transcript.	Force push to main/master is not allowed: the refspec main updates mai	Blocked: 'gh auth login/setup-git/refresh' re-add HTTPS credential hel [(enforce-gh-ssh-only: gh-auth)]
S19	{ group; }	deny	{ rm -P x; }	{ printenv GH_TOKEN; }	{ git push --force origin main; }	{ gh auth login; }	ok:deny	ok:deny	ok:deny	ok:deny	BLOCKED (rm-P): this command deletes or destroys data outside the Tras	 BLOCKED -- this command would print a credential into the transcript.	Force push to main/master is not allowed: the refspec main updates mai	Blocked: 'gh auth login/setup-git/refresh' re-add HTTPS credential hel [(enforce-gh-ssh-only: gh-auth)]
S20	f() { ...; }; f	deny	f() { rm -P x; }; f	f() { printenv GH_TOKEN; }; f	f() { git push --force origin main; }; f	f() { gh auth login; }; f	MISS:allow	MISS:allow	ok:deny	ok:deny			Force push to main/master is not allowed: the refspec main updates mai	Blocked: 'gh auth login/setup-git/refresh' re-add HTTPS credential hel [(enforce-gh-ssh-only: gh-auth)]
S21	function f { ...; }; f	deny	function f { rm -P x; }; f	function f { printenv GH_TOKEN; }; f	function f { git push --force origin main; }; f	function f { gh auth login; }; f	MISS:allow	MISS:allow	ok:deny	MISS:allow			Force push to main/master is not allowed: the refspec main updates mai	
S22	if ...; then BODY; fi	deny	if true; then rm -P x; fi	if true; then printenv GH_TOKEN; fi	if true; then git push --force origin main; fi	if true; then gh auth login; fi	ok:deny	ok:deny	ok:deny	ok:deny	BLOCKED (rm-P): this command deletes or destroys data outside the Tras	 BLOCKED -- this command would print a credential into the transcript.	Force push to main/master is not allowed: the refspec main updates mai	Blocked: 'gh auth login/setup-git/refresh' re-add HTTPS credential hel [(enforce-gh-ssh-only: gh-auth)]
S23	if CONDITION; then	deny	if rm -P x; then :; fi	if printenv GH_TOKEN; then :; fi	if git push --force origin main; then :; fi	if gh auth login; then :; fi	ok:deny	ok:deny	ok:deny	ok:deny	BLOCKED (rm-P): this command deletes or destroys data outside the Tras	 BLOCKED -- this command would print a credential into the transcript.	Force push to main/master is not allowed: the refspec main updates mai	Blocked: 'gh auth login/setup-git/refresh' re-add HTTPS credential hel [(enforce-gh-ssh-only: gh-auth)]
S24	for body	deny	for i in 1; do rm -P x; done	for i in 1; do printenv GH_TOKEN; done	for i in 1; do git push --force origin main; done	for i in 1; do gh auth login; done	ok:deny	ok:deny	ok:deny	ok:deny	BLOCKED (rm-P): this command deletes or destroys data outside the Tras	 BLOCKED -- this command would print a credential into the transcript.	Force push to main/master is not allowed: the refspec main updates mai	Blocked: 'gh auth login/setup-git/refresh' re-add HTTPS credential hel [(enforce-gh-ssh-only: gh-auth)]
S25	while body	deny	while true; do rm -P x; break; done	while true; do printenv GH_TOKEN; break; done	while true; do git push --force origin main; break; done	while true; do gh auth login; break; done	ok:deny	ok:deny	ok:deny	ok:deny	BLOCKED (rm-P): this command deletes or destroys data outside the Tras	 BLOCKED -- this command would print a credential into the transcript.	Force push to main/master is not allowed: the refspec main updates mai	Blocked: 'gh auth login/setup-git/refresh' re-add HTTPS credential hel [(enforce-gh-ssh-only: gh-auth)]
S26	case arm	deny	case x in x) rm -P x;; esac	case x in x) printenv GH_TOKEN;; esac	case x in x) git push --force origin main;; esac	case x in x) gh auth login;; esac	ok:deny	ok:deny	ok:deny	ok:deny	BLOCKED (rm-P): this command deletes or destroys data outside the Tras	 BLOCKED -- this command would print a credential into the transcript.	Force push to main/master is not allowed: the refspec main updates mai	Blocked: 'gh auth login/setup-git/refresh' re-add HTTPS credential hel [(enforce-gh-ssh-only: gh-auth)]
S27	! negation	deny	! rm -P x	! printenv GH_TOKEN	! git push --force origin main	! gh auth login	ok:deny	ok:deny	ok:deny	ok:deny	BLOCKED (rm-P): this command deletes or destroys data outside the Tras	 BLOCKED -- this command would print a credential into the transcript.	Force push to main/master is not allowed: the refspec main updates mai	Blocked: 'gh auth login/setup-git/refresh' re-add HTTPS credential hel [(enforce-gh-ssh-only: gh-auth)]
S28	[[ ]] && cmd	deny	[[ -n x ]] && rm -P x	[[ -n x ]] && printenv GH_TOKEN	[[ -n x ]] && git push --force origin main	[[ -n x ]] && gh auth login	ok:deny	ok:deny	ok:deny	ok:deny	BLOCKED (rm-P): this command deletes or destroys data outside the Tras	 BLOCKED -- this command would print a credential into the transcript.	Force push to main/master is not allowed: the refspec main updates mai	Blocked: 'gh auth login/setup-git/refresh' re-add HTTPS credential hel [(enforce-gh-ssh-only: gh-auth)]
S29	FOO=1 cmd	deny	FOO=1 rm -P x	FOO=1 printenv GH_TOKEN	FOO=1 git push --force origin main	FOO=1 gh auth login	ok:deny	ok:deny	ok:deny	ok:deny	BLOCKED (rm-P): this command deletes or destroys data outside the Tras	 BLOCKED -- this command would print a credential into the transcript.	Force push to main/master is not allowed: the refspec main updates mai	Blocked: 'gh auth login/setup-git/refresh' re-add HTTPS credential hel [(enforce-gh-ssh-only: gh-auth)]
S30	redirection before the word	deny	2>/dev/null rm -P x	2>/dev/null printenv GH_TOKEN	2>/dev/null git push --force origin main	2>/dev/null gh auth login	ok:deny	ok:deny	ok:deny	ok:deny	BLOCKED (rm-P): this command deletes or destroys data outside the Tras	 BLOCKED -- this command would print a credential into the transcript.	Force push to main/master is not allowed: the refspec main updates mai	Blocked: 'gh auth login/setup-git/refresh' re-add HTTPS credential hel [(enforce-gh-ssh-only: gh-auth)]
S31	redirection after	deny	rm -P x 2>/dev/null	printenv GH_TOKEN 2>/dev/null	git push --force origin main 2>/dev/null	gh auth login 2>/dev/null	ok:deny	ok:deny	ok:deny	ok:deny	BLOCKED (rm-P): this command deletes or destroys data outside the Tras	 BLOCKED -- this command would print a credential into the transcript.	Force push to main/master is not allowed: the refspec main updates mai	Blocked: 'gh auth login/setup-git/refresh' re-add HTTPS credential hel [(enforce-gh-ssh-only: gh-auth)]
S32	env	deny	env rm -P x	env printenv GH_TOKEN	env git push --force origin main	env gh auth login	ok:deny	ok:deny	ok:deny	ok:deny	BLOCKED (rm-lookup): this command deletes or destroys data outside the	 BLOCKED -- this command would print a credential into the transcript.	Force push to main/master is not allowed: the refspec main updates mai	Blocked: 'gh auth login/setup-git/refresh' re-add HTTPS credential hel [(enforce-gh-ssh-only: gh-auth)]
S33	env -i	deny	env -i rm -P x	env -i printenv GH_TOKEN	env -i git push --force origin main	env -i gh auth login	ok:deny	ok:deny	ok:deny	ok:deny	BLOCKED (rm-lookup): this command deletes or destroys data outside the	 BLOCKED -- this command would print a credential into the transcript.	Force push to main/master is not allowed: the refspec main updates mai	Blocked: 'gh auth login/setup-git/refresh' re-add HTTPS credential hel [(enforce-gh-ssh-only: gh-auth)]
S34	command	deny	command rm -P x	command printenv GH_TOKEN	command git push --force origin main	command gh auth login	ok:deny	ok:deny	ok:deny	ok:deny	BLOCKED (rm-P): this command deletes or destroys data outside the Tras	 BLOCKED -- this command would print a credential into the transcript.	Force push to main/master is not allowed: the refspec main updates mai	Blocked: 'gh auth login/setup-git/refresh' re-add HTTPS credential hel [(enforce-gh-ssh-only: gh-auth)]
S35	exec	deny	exec rm -P x	exec printenv GH_TOKEN	exec git push --force origin main	exec gh auth login	ok:deny	ok:deny	ok:deny	ok:deny	BLOCKED (rm-P): this command deletes or destroys data outside the Tras	 BLOCKED -- this command would print a credential into the transcript.	Force push to main/master is not allowed: the refspec main updates mai	Blocked: 'gh auth login/setup-git/refresh' re-add HTTPS credential hel [(enforce-gh-ssh-only: gh-auth)]
S36	nohup	deny	nohup rm -P x	nohup printenv GH_TOKEN	nohup git push --force origin main	nohup gh auth login	ok:deny	ok:deny	ok:deny	ok:deny	BLOCKED (rm-P): this command deletes or destroys data outside the Tras	 BLOCKED -- this command would print a credential into the transcript.	Force push to main/master is not allowed: the refspec main updates mai	Blocked: 'gh auth login/setup-git/refresh' re-add HTTPS credential hel [(enforce-gh-ssh-only: gh-auth)]
S37	sudo	deny	sudo rm -P x	sudo printenv GH_TOKEN	sudo git push --force origin main	sudo gh auth login	ok:deny	ok:deny	ok:deny	ok:deny	BLOCKED (rm-P): this command deletes or destroys data outside the Tras	 BLOCKED -- this command would print a credential into the transcript.	Force push to main/master is not allowed: the refspec main updates mai	Blocked: 'gh auth login/setup-git/refresh' re-add HTTPS credential hel [(enforce-gh-ssh-only: gh-auth)]
S38	sudo -u x	deny	sudo -u x rm -P x	sudo -u x printenv GH_TOKEN	sudo -u x git push --force origin main	sudo -u x gh auth login	ok:deny	ok:deny	ok:deny	ok:deny	BLOCKED (rm-P): this command deletes or destroys data outside the Tras	 BLOCKED -- this command would print a credential into the transcript.	Force push to main/master is not allowed: the refspec main updates mai	Blocked: 'gh auth login/setup-git/refresh' re-add HTTPS credential hel [(enforce-gh-ssh-only: gh-auth)]
S39	timeout 5	deny	timeout 5 rm -P x	timeout 5 printenv GH_TOKEN	timeout 5 git push --force origin main	timeout 5 gh auth login	ok:deny	ok:deny	MISS:allow	ok:deny	BLOCKED (rm-P): this command deletes or destroys data outside the Tras	 BLOCKED -- this command would print a credential into the transcript.		Blocked: 'gh auth login/setup-git/refresh' re-add HTTPS credential hel [(enforce-gh-ssh-only: gh-auth)]
S40	nice -n 5	deny	nice -n 5 rm -P x	nice -n 5 printenv GH_TOKEN	nice -n 5 git push --force origin main	nice -n 5 gh auth login	ok:deny	ok:deny	MISS:allow	ok:deny	BLOCKED (rm-P): this command deletes or destroys data outside the Tras	 BLOCKED -- this command would print a credential into the transcript.		Blocked: 'gh auth login/setup-git/refresh' re-add HTTPS credential hel [(enforce-gh-ssh-only: gh-auth)]
S41	time -p	deny	time -p rm -P x	time -p printenv GH_TOKEN	time -p git push --force origin main	time -p gh auth login	ok:deny	ok:deny	MISS:allow	ok:deny	BLOCKED (rm-P): this command deletes or destroys data outside the Tras	 BLOCKED -- this command would print a credential into the transcript.		Blocked: 'gh auth login/setup-git/refresh' re-add HTTPS credential hel [(enforce-gh-ssh-only: gh-auth)]
S42	xargs	deny	echo | xargs rm -P x	echo | xargs printenv GH_TOKEN	echo | xargs git push --force origin main	echo | xargs gh auth login	ok:deny	ok:deny	ok:deny	ok:deny	BLOCKED (rm-P): this command deletes or destroys data outside the Tras	 BLOCKED -- this command would print a credential into the transcript.	Force push to main/master is not allowed: the refspec main updates mai	Blocked: 'gh auth login/setup-git/refresh' re-add HTTPS credential hel [(enforce-gh-ssh-only: gh-auth)]
S43	caffeinate -i	deny	caffeinate -i rm -P x	caffeinate -i printenv GH_TOKEN	caffeinate -i git push --force origin main	caffeinate -i gh auth login	ok:deny	MISS:allow	MISS:allow	ok:deny	BLOCKED (rm-P): this command deletes or destroys data outside the Tras			Blocked: 'gh auth login/setup-git/refresh' re-add HTTPS credential hel [(enforce-gh-ssh-only: gh-auth)]
S44	stdbuf -oL	deny	stdbuf -oL rm -P x	stdbuf -oL printenv GH_TOKEN	stdbuf -oL git push --force origin main	stdbuf -oL gh auth login	ok:deny	MISS:allow	MISS:allow	ok:deny	BLOCKED (rm-P): this command deletes or destroys data outside the Tras			Blocked: 'gh auth login/setup-git/refresh' re-add HTTPS credential hel [(enforce-gh-ssh-only: gh-auth)]
S45	watch -n 1	deny	watch -n 1 rm -P x	watch -n 1 printenv GH_TOKEN	watch -n 1 git push --force origin main	watch -n 1 gh auth login	ok:deny	MISS:allow	MISS:allow	ok:deny	BLOCKED (rm-P): this command deletes or destroys data outside the Tras			Blocked: 'gh auth login/setup-git/refresh' re-add HTTPS credential hel [inside a nested shell body (enforce-gh-ssh-only: gh-auth)]
S46	/usr/bin/env bash -c	deny	/usr/bin/env bash -c 'rm -P x'	/usr/bin/env bash -c 'printenv GH_TOKEN'	/usr/bin/env bash -c 'git push --force origin main'	/usr/bin/env bash -c 'gh auth login'	ok:deny	ok:deny	ok:deny	MISS:allow	BLOCKED (rm-lookup): this command deletes or destroys data outside the	 BLOCKED -- this command would print a credential into the transcript. [inside bash -c:]	Force push to main/master is not allowed: a git push that may force (a [cannot parse it (inside bash -c)]	
S47	script -q /dev/null	deny	script -q /dev/null rm -P x	script -q /dev/null printenv GH_TOKEN	script -q /dev/null git push --force origin main	script -q /dev/null gh auth login	MISS:allow	MISS:allow	MISS:allow	MISS:allow				
S48	heredoc fed to bash (quoted marker)	deny	bash <<'EOF'\nrm -P x\nEOF	bash <<'EOF'\nprintenv GH_TOKEN\nEOF	bash <<'EOF'\ngit push --force origin main\nEOF	bash <<'EOF'\ngh auth login\nEOF	ok:deny	ok:deny	ok:deny	ok:deny	BLOCKED (rm-P): this command deletes or destroys data outside the Tras	 BLOCKED -- this command would print a credential into the transcript. [inside a shell reading stdin:]	Force push to main/master is not allowed: a git push that may force (a [cannot parse it (inside a here-document fed to bash)]	Blocked: 'gh auth login/setup-git/refresh' re-add HTTPS credential hel [inside a nested shell body (enforce-gh-ssh-only: gh-auth)]
S49	heredoc fed to sh (unquoted marker)	deny	sh <<EOF\nrm -P x\nEOF	sh <<EOF\nprintenv GH_TOKEN\nEOF	sh <<EOF\ngit push --force origin main\nEOF	sh <<EOF\ngh auth login\nEOF	ok:deny	ok:deny	ok:deny	ok:deny	BLOCKED (rm-P): this command deletes or destroys data outside the Tras	 BLOCKED -- this command would print a credential into the transcript. [inside a shell reading stdin:]	Force push to main/master is not allowed: a git push that may force (a [cannot parse it (inside a here-document fed to sh)]	Blocked: 'gh auth login/setup-git/refresh' re-add HTTPS credential hel [inside a nested shell body (enforce-gh-ssh-only: gh-auth)]
S50	cat <<'EOF' | bash	deny	cat <<'EOF' | bash\nrm -P x\nEOF	cat <<'EOF' | bash\nprintenv GH_TOKEN\nEOF	cat <<'EOF' | bash\ngit push --force origin main\nEOF	cat <<'EOF' | bash\ngh auth login\nEOF	ok:deny	ok:deny	ok:deny	MISS:allow	BLOCKED (rm-P): this command deletes or destroys data outside the Tras	 BLOCKED -- this command would print a credential into the transcript. [inside a shell reading stdin:]	Force push to main/master is not allowed: a git push that may force (a [cannot parse it (inside a here-document fed to bash)]	
S51	here-string bash <<<	deny	bash <<< 'rm -P x'	bash <<< 'printenv GH_TOKEN'	bash <<< 'git push --force origin main'	bash <<< 'gh auth login'	ok:deny	ok:deny	ok:deny	ok:deny	BLOCKED (rm-P): this command deletes or destroys data outside the Tras	 BLOCKED -- this command would print a credential into the transcript. [inside a shell reading stdin:]	Force push to main/master is not allowed: a git push that may force (a [cannot parse it (inside a here-document fed to bash)]	Blocked: 'gh auth login/setup-git/refresh' re-add HTTPS credential hel [inside a nested shell body (enforce-gh-ssh-only: gh-auth)]
S52	echo '...' | bash	deny	echo 'rm -P x' | bash	echo 'printenv GH_TOKEN' | bash	echo 'git push --force origin main' | bash	echo 'gh auth login' | bash	ok:deny	ok:deny	MISS:allow	ok:deny	BLOCKED (rm-P): this command deletes or destroys data outside the Tras	 BLOCKED -- this command would print a credential into the transcript. [inside a shell reading stdin:]		Blocked: 'gh auth login/setup-git/refresh' re-add HTTPS credential hel [inside a nested shell body (enforce-gh-ssh-only: gh-auth)]
S53	printf '...' | sh	deny	printf 'rm -P x' | sh	printf 'printenv GH_TOKEN' | sh	printf 'git push --force origin main' | sh	printf 'gh auth login' | sh	ok:deny	ok:deny	MISS:allow	ok:deny	BLOCKED (rm-P): this command deletes or destroys data outside the Tras	 BLOCKED -- this command would print a credential into the transcript. [inside a shell reading stdin:]		Blocked: 'gh auth login/setup-git/refresh' re-add HTTPS credential hel [inside a nested shell body (enforce-gh-ssh-only: gh-auth)]
S54	source <(echo ...)	deny	source <(echo 'rm -P x')	source <(echo 'printenv GH_TOKEN')	source <(echo 'git push --force origin main')	source <(echo 'gh auth login')	MISS:allow	MISS:allow	MISS:allow	MISS:allow				
S55	. /dev/stdin <<<	deny	. /dev/stdin <<< 'rm -P x'	. /dev/stdin <<< 'printenv GH_TOKEN'	. /dev/stdin <<< 'git push --force origin main'	. /dev/stdin <<< 'gh auth login'	MISS:allow	MISS:allow	MISS:allow	MISS:allow				
S56	process substitution <(cmd)	deny	cat <(rm -P x)	cat <(printenv GH_TOKEN)	cat <(git push --force origin main)	cat <(gh auth login)	ok:deny	ok:deny	ok:deny	ok:deny	BLOCKED (rm-P): this command deletes or destroys data outside the Tras	 BLOCKED -- this command would print a credential into the transcript.	Force push to main/master is not allowed: the refspec main updates mai	Blocked: 'gh auth login/setup-git/refresh' re-add HTTPS credential hel [inside a nested shell body (enforce-gh-ssh-only: gh-auth)]
S57	$(...) in unquoted heredoc to cat	deny	cat <<EOF\n$(rm -P x)\nEOF	cat <<EOF\n$(printenv GH_TOKEN)\nEOF	cat <<EOF\n$(git push --force origin main)\nEOF	cat <<EOF\n$(gh auth login)\nEOF	MISS:allow	MISS:allow	MISS:allow	MISS:allow				
S58	$'word' command word	deny	$'rm' -P x	$'printenv' GH_TOKEN	$'git' push --force origin main	$'gh' auth login	ok:deny	ok:deny	MISS:allow	ok:deny	BLOCKED (rm-P): this command deletes or destroys data outside the Tras	 BLOCKED -- this command would print a credential into the transcript.		Blocked: 'gh auth login/setup-git/refresh' re-add HTTPS credential hel [(enforce-gh-ssh-only: gh-auth)]
S59	'word' single-quoted command word	deny	'rm' -P x	'printenv' GH_TOKEN	'git' push --force origin main	'gh' auth login	ok:deny	ok:deny	ok:deny	ok:deny	BLOCKED (rm-P): this command deletes or destroys data outside the Tras	 BLOCKED -- this command would print a credential into the transcript.	Force push to main/master is not allowed: the refspec main updates mai	Blocked: 'gh auth login/setup-git/refresh' re-add HTTPS credential hel [(enforce-gh-ssh-only: gh-auth)]
S60	"word" double-quoted command word	deny	"rm" -P x	"printenv" GH_TOKEN	"git" push --force origin main	"gh" auth login	ok:deny	ok:deny	ok:deny	ok:deny	BLOCKED (rm-P): this command deletes or destroys data outside the Tras	 BLOCKED -- this command would print a credential into the transcript.	Force push to main/master is not allowed: the refspec main updates mai	Blocked: 'gh auth login/setup-git/refresh' re-add HTTPS credential hel [(enforce-gh-ssh-only: gh-auth)]
S61	\word backslashed command word	deny	\rm -P x	\printenv GH_TOKEN	\git push --force origin main	\gh auth login	ok:deny	ok:deny	ok:deny	ok:deny	BLOCKED (rm-P): this command deletes or destroys data outside the Tras	 BLOCKED -- this command would print a credential into the transcript.	Force push to main/master is not allowed: the refspec main updates mai	Blocked: 'gh auth login/setup-git/refresh' re-add HTTPS credential hel [(enforce-gh-ssh-only: gh-auth)]
S62	split word w''ord	deny	r''m -P x	p''rintenv GH_TOKEN	g''it push --force origin main	g''h auth login	ok:deny	ok:deny	ok:deny	ok:deny	BLOCKED (rm-P): this command deletes or destroys data outside the Tras	 BLOCKED -- this command would print a credential into the transcript.	Force push to main/master is not allowed: the refspec main updates mai	Blocked: 'gh auth login/setup-git/refresh' re-add HTTPS credential hel [(enforce-gh-ssh-only: gh-auth)]
S63	absolute path command word	deny	/usr/bin/rm -P x	/usr/bin/printenv GH_TOKEN	/usr/bin/git push --force origin main	/usr/bin/gh auth login	ok:deny	ok:deny	ok:deny	ok:deny	BLOCKED (rm-path): this command deletes or destroys data outside the T	 BLOCKED -- this command would print a credential into the transcript.	Force push to main/master is not allowed: the refspec main updates mai	Blocked: 'gh auth login/setup-git/refresh' re-add HTTPS credential hel [(enforce-gh-ssh-only: gh-auth)]
S64	line continuation between words	deny	rm \\n-P x	printenv \\nGH_TOKEN	git \\npush --force origin main	gh \\nauth login	ok:deny	ok:deny	ok:deny	ok:deny	BLOCKED (rm-P): this command deletes or destroys data outside the Tras	 BLOCKED -- this command would print a credential into the transcript.	Force push to main/master is not allowed: the refspec main updates mai	Blocked: 'gh auth login/setup-git/refresh' re-add HTTPS credential hel [(enforce-gh-ssh-only: gh-auth)]
S65	line continuation inside the word	deny	r\\nm -P x	p\\nrintenv GH_TOKEN	g\\nit push --force origin main	g\\nh auth login	ok:deny	ok:deny	MISS:allow	ok:deny	BLOCKED (rm-P): this command deletes or destroys data outside the Tras	 BLOCKED -- this command would print a credential into the transcript.		Blocked: 'gh auth login/setup-git/refresh' re-add HTTPS credential hel [(enforce-gh-ssh-only: gh-auth)]
S66	comment line before	deny	# a note\nrm -P x	# a note\nprintenv GH_TOKEN	# a note\ngit push --force origin main	# a note\ngh auth login	ok:deny	ok:deny	ok:deny	ok:deny	BLOCKED (rm-P): this command deletes or destroys data outside the Tras	 BLOCKED -- this command would print a credential into the transcript.	Force push to main/master is not allowed: the refspec main updates mai	Blocked: 'gh auth login/setup-git/refresh' re-add HTTPS credential hel [(enforce-gh-ssh-only: gh-auth)]
S67	$(...) nested twice	deny	echo $(echo $(rm -P x))	echo $(echo $(printenv GH_TOKEN))	echo $(echo $(git push --force origin main))	echo $(echo $(gh auth login))	ok:deny	ok:deny	ok:deny	ok:deny	BLOCKED (rm-P): this command deletes or destroys data outside the Tras	 BLOCKED -- this command would print a credential into the transcript.	Force push to main/master is not allowed: the refspec main updates mai	Blocked: 'gh auth login/setup-git/refresh' re-add HTTPS credential hel [inside a nested shell body (enforce-gh-ssh-only: gh-auth)]
S68	bash -c nested in bash -c	deny	bash -c "bash -c 'rm -P x'"	bash -c "bash -c 'printenv GH_TOKEN'"	bash -c "bash -c 'git push --force origin main'"	bash -c "bash -c 'gh auth login'"	ok:deny	ok:deny	ok:deny	ok:deny	BLOCKED (rm-P): this command deletes or destroys data outside the Tras	 BLOCKED -- this command would print a credential into the transcript. [inside bash -c: inside bash -c:]	Force push to main/master is not allowed: a git push that may force (a [cannot parse it (inside bash -c)]	Blocked: 'gh auth login/setup-git/refresh' re-add HTTPS credential hel [inside a nested shell body (enforce-gh-ssh-only: gh-auth)]
S69	eval of $(...) output	deny	eval "$(echo 'rm -P x')"	eval "$(echo 'printenv GH_TOKEN')"	eval "$(echo 'git push --force origin main')"	eval "$(echo 'gh auth login')"	MISS:allow	MISS:allow	ok:deny	MISS:allow			Force push to main/master is not allowed: a git push that may force (a [cannot parse it (inside eval)]	
S70	& inside { group }	deny	{ rm -P x & }	{ printenv GH_TOKEN & }	{ git push --force origin main & }	{ gh auth login & }	ok:deny	ok:deny	ok:deny	ok:deny	BLOCKED (rm-P): this command deletes or destroys data outside the Tras	 BLOCKED -- this command would print a credential into the transcript.	Force push to main/master is not allowed: the refspec main updates mai	Blocked: 'gh auth login/setup-git/refresh' re-add HTTPS credential hel [(enforce-gh-ssh-only: gh-auth)]
D01	heredoc to cat (quoted marker)	allow	cat <<'EOF'\nrm -P x\nEOF	cat <<'EOF'\nprintenv GH_TOKEN\nEOF	cat <<'EOF'\ngit push --force origin main\nEOF	cat <<'EOF'\ngh auth login\nEOF	ok:allow	ok:allow	ok:allow	ok:allow				
D02	heredoc to cat (unquoted marker)	allow	cat <<EOF\nrm -P x\nEOF	cat <<EOF\nprintenv GH_TOKEN\nEOF	cat <<EOF\ngit push --force origin main\nEOF	cat <<EOF\ngh auth login\nEOF	ok:allow	ok:allow	ok:allow	ok:allow				
D03	$(...) text in quoted-marker heredoc to cat	allow	cat <<'EOF'\n$(rm -P x)\nEOF	cat <<'EOF'\n$(printenv GH_TOKEN)\nEOF	cat <<'EOF'\n$(git push --force origin main)\nEOF	cat <<'EOF'\n$(gh auth login)\nEOF	ok:allow	ok:allow	ok:allow	ok:allow				
D04	double-quoted echo text	allow	echo "rm -P x"	echo "printenv GH_TOKEN"	echo "git push --force origin main"	echo "gh auth login"	ok:allow	ok:allow	ok:allow	ok:allow				
D05	single-quoted echo text	allow	echo 'rm -P x'	echo 'printenv GH_TOKEN'	echo 'git push --force origin main'	echo 'gh auth login'	ok:allow	ok:allow	ok:allow	ok:allow				
D06	unquoted echo arguments	allow	echo rm -P x	echo printenv GH_TOKEN	echo git push --force origin main	echo gh auth login	ok:allow	ok:allow	ok:allow	ok:allow				
D07	git commit -m "..."	allow	git commit -m "rm -P x"	git commit -m "printenv GH_TOKEN"	git commit -m "git push --force origin main"	git commit -m "gh auth login"	ok:allow	ok:allow	ok:allow	ok:allow				
D08	git commit -m '...'	allow	git commit -m 'rm -P x'	git commit -m 'printenv GH_TOKEN'	git commit -m 'git push --force origin main'	git commit -m 'gh auth login'	ok:allow	ok:allow	ok:allow	ok:allow				
D09	git commit -F - with heredoc	allow	git commit -F - <<'EOF'\nrm -P x\nEOF	git commit -F - <<'EOF'\nprintenv GH_TOKEN\nEOF	git commit -F - <<'EOF'\ngit push --force origin main\nEOF	git commit -F - <<'EOF'\ngh auth login\nEOF	ok:allow	ok:allow	ok:allow	ok:allow				
D10	grep pattern	allow	grep 'rm -P x' notes.txt	grep 'printenv GH_TOKEN' notes.txt	grep 'git push --force origin main' notes.txt	grep 'gh auth login' notes.txt	ok:allow	ok:allow	ok:allow	ok:allow				
D11	rg pattern	allow	rg "rm -P x" docs	rg "printenv GH_TOKEN" docs	rg "git push --force origin main" docs	rg "gh auth login" docs	ok:allow	ok:allow	ok:allow	ok:allow				
D12	sed pattern	allow	sed -n '/rm -P x/p' notes.txt	sed -n '/printenv GH_TOKEN/p' notes.txt	sed -n '/git push --force origin main/p' notes.txt	sed -n '/gh auth login/p' notes.txt	ok:allow	ok:allow	ok:allow	ok:allow				
D13	awk pattern	allow	awk '/rm -P x/' notes.txt	awk '/printenv GH_TOKEN/' notes.txt	awk '/git push --force origin main/' notes.txt	awk '/gh auth login/' notes.txt	ok:allow	ok:allow	ok:allow	ok:allow				
D14	for-list words	allow	for w in rm -P x; do echo "$w"; done	for w in printenv GH_TOKEN; do echo "$w"; done	for w in git push --force origin main; do echo "$w"; done	for w in gh auth login; do echo "$w"; done	ok:allow	ok:allow	ok:allow	ok:allow				
D15	assignment X='...'	allow	X='rm -P x'	X='printenv GH_TOKEN'	X='git push --force origin main'	X='gh auth login'	ok:allow	ok:allow	ok:allow	ok:allow				
D16	assignment X="..."	allow	X="rm -P x"	X="printenv GH_TOKEN"	X="git push --force origin main"	X="gh auth login"	ok:allow	ok:allow	ok:allow	ok:allow				
D17	comment only	allow	# rm -P x	# printenv GH_TOKEN	# git push --force origin main	# gh auth login	ok:allow	ok:allow	ok:allow	ok:allow				
D18	printf %s data	allow	printf '%s\n' 'rm -P x'	printf '%s\n' 'printenv GH_TOKEN'	printf '%s\n' 'git push --force origin main'	printf '%s\n' 'gh auth login'	ok:allow	ok:allow	ok:allow	ok:allow				
D19	echo text redirected to a file	allow	echo 'rm -P x' > notes.txt	echo 'printenv GH_TOKEN' > notes.txt	echo 'git push --force origin main' > notes.txt	echo 'gh auth login' > notes.txt	ok:allow	ok:allow	ok:allow	ok:allow				
D20	echo text piped to cat	allow	echo "rm -P x" | cat	echo "printenv GH_TOKEN" | cat	echo "git push --force origin main" | cat	echo "gh auth login" | cat	ok:allow	ok:allow	ok:allow	ok:allow				
D21	git log --grep=	allow	git log --grep='rm -P x'	git log --grep='printenv GH_TOKEN'	git log --grep='git push --force origin main'	git log --grep='gh auth login'	ok:allow	ok:allow	ok:allow	ok:allow				
D22	quoted sh -c text inside echo	allow	echo "sh -c 'rm -P x'"	echo "sh -c 'printenv GH_TOKEN'"	echo "sh -c 'git push --force origin main'"	echo "sh -c 'gh auth login'"	ok:allow	ok:allow	ok:allow	ok:allow				
D23	jq --arg value	allow	jq -n --arg c 'rm -P x' '$c'	jq -n --arg c 'printenv GH_TOKEN' '$c'	jq -n --arg c 'git push --force origin main' '$c'	jq -n --arg c 'gh auth login' '$c'	ok:allow	ok:allow	ok:allow	ok:allow				
D24	heredoc to tee a doc file	allow	tee notes.md <<'EOF'\nrun rm -P x never\nEOF	tee notes.md <<'EOF'\nrun printenv GH_TOKEN never\nEOF	tee notes.md <<'EOF'\nrun git push --force origin main never\nEOF	tee notes.md <<'EOF'\nrun gh auth login never\nEOF	ok:allow	ok:allow	ok:allow	ok:allow				
N01	near-miss, plain	allow	rm x	printenv HOME	git push --force origin feature	gh auth status	ok:allow	ok:allow	ok:allow	ok:allow				
N02	near-miss, after ;	allow	echo a; rm x	echo a; printenv HOME	echo a; git push --force origin feature	echo a; gh auth status	ok:allow	ok:allow	ok:allow	ok:allow				
N03	near-miss, after &&	allow	true && rm x	true && printenv HOME	true && git push --force origin feature	true && gh auth status	ok:allow	ok:allow	ok:allow	ok:allow				
N04	near-miss, after ||	allow	false || rm x	false || printenv HOME	false || git push --force origin feature	false || gh auth status	ok:allow	ok:allow	ok:allow	ok:allow				
N05	near-miss, after newline	allow	echo a\nrm x	echo a\nprintenv HOME	echo a\ngit push --force origin feature	echo a\ngh auth status	ok:allow	ok:allow	ok:allow	ok:allow				
N06	near-miss, backgrounded &	allow	rm x &	printenv HOME &	git push --force origin feature &	gh auth status &	ok:allow	ok:allow	ok:allow	ok:allow				
N07	near-miss, pipeline, right side	allow	echo a | rm x	echo a | printenv HOME	echo a | git push --force origin feature	echo a | gh auth status	ok:allow	ok:allow	ok:allow	ok:allow				
N08	near-miss, pipeline, left side	allow	rm x | cat	printenv HOME | cat	git push --force origin feature | cat	gh auth status | cat	ok:allow	ok:allow	ok:allow	ok:allow				
N09	near-miss, $(...)	allow	echo $(rm x)	echo $(printenv HOME)	echo $(git push --force origin feature)	echo $(gh auth status)	ok:allow	ok:allow	ok:allow	ok:allow				
N10	near-miss, "$(...)" in double quotes	allow	echo "$(rm x)"	echo "$(printenv HOME)"	echo "$(git push --force origin feature)"	echo "$(gh auth status)"	ok:allow	ok:allow	ok:allow	ok:allow				
N11	near-miss, backticks	allow	echo `rm x`	echo `printenv HOME`	echo `git push --force origin feature`	echo `gh auth status`	ok:allow	ok:allow	FP:deny	ok:allow			Force push to main/master is not allowed: a git push that may force (a [cannot parse it (inside backticks)]	
N12	near-miss, bash -c '...'	allow	bash -c 'rm x'	bash -c 'printenv HOME'	bash -c 'git push --force origin feature'	bash -c 'gh auth status'	ok:allow	ok:allow	FP:deny	ok:allow			Force push to main/master is not allowed: a git push that may force (a [cannot parse it (inside bash -c)]	
N13	near-miss, sh -c "..."	allow	sh -c "rm x"	sh -c "printenv HOME"	sh -c "git push --force origin feature"	sh -c "gh auth status"	ok:allow	ok:allow	FP:deny	ok:allow			Force push to main/master is not allowed: a git push that may force (a [cannot parse it (inside sh -c)]	
N14	near-miss, zsh -c '...'	allow	zsh -c 'rm x'	zsh -c 'printenv HOME'	zsh -c 'git push --force origin feature'	zsh -c 'gh auth status'	ok:allow	ok:allow	FP:deny	ok:allow			Force push to main/master is not allowed: a git push that may force (a [cannot parse it (inside zsh -c)]	
N15	near-miss, bash -lc (clustered flag)	allow	bash -lc 'rm x'	bash -lc 'printenv HOME'	bash -lc 'git push --force origin feature'	bash -lc 'gh auth status'	ok:allow	ok:allow	FP:deny	ok:allow			Force push to main/master is not allowed: a git push that may force (a [cannot parse it (inside bash -c)]	
N16	near-miss, eval "..."	allow	eval "rm x"	eval "printenv HOME"	eval "git push --force origin feature"	eval "gh auth status"	ok:allow	ok:allow	FP:deny	ok:allow			Force push to main/master is not allowed: a git push that may force (a [cannot parse it (inside eval)]	
N17	near-miss, eval unquoted words	allow	eval rm x	eval printenv HOME	eval git push --force origin feature	eval gh auth status	ok:allow	ok:allow	FP:deny	ok:allow			Force push to main/master is not allowed: a git push that may force (a [cannot parse it (inside eval)]	
N18	near-miss, ( subshell )	allow	( rm x )	( printenv HOME )	( git push --force origin feature )	( gh auth status )	ok:allow	ok:allow	ok:allow	ok:allow				
N19	near-miss, { group; }	allow	{ rm x; }	{ printenv HOME; }	{ git push --force origin feature; }	{ gh auth status; }	ok:allow	ok:allow	ok:allow	ok:allow				
N20	near-miss, f() { ...; }; f	allow	f() { rm x; }; f	f() { printenv HOME; }; f	f() { git push --force origin feature; }; f	f() { gh auth status; }; f	ok:allow	ok:allow	FP:deny	ok:allow			Force push to main/master is not allowed: a git push that may force (a [cannot parse it (the command has a function definition)]	
N21	near-miss, function f { ...; }; f	allow	function f { rm x; }; f	function f { printenv HOME; }; f	function f { git push --force origin feature; }; f	function f { gh auth status; }; f	ok:allow	ok:allow	FP:deny	ok:allow			Force push to main/master is not allowed: a git push that may force (a [cannot parse it (the command has a function definition)]	
N22	near-miss, if ...; then BODY; fi	allow	if true; then rm x; fi	if true; then printenv HOME; fi	if true; then git push --force origin feature; fi	if true; then gh auth status; fi	ok:allow	ok:allow	ok:allow	ok:allow				
N23	near-miss, if CONDITION; then	allow	if rm x; then :; fi	if printenv HOME; then :; fi	if git push --force origin feature; then :; fi	if gh auth status; then :; fi	ok:allow	ok:allow	ok:allow	ok:allow				
N24	near-miss, for body	allow	for i in 1; do rm x; done	for i in 1; do printenv HOME; done	for i in 1; do git push --force origin feature; done	for i in 1; do gh auth status; done	ok:allow	ok:allow	ok:allow	ok:allow				
N25	near-miss, while body	allow	while true; do rm x; break; done	while true; do printenv HOME; break; done	while true; do git push --force origin feature; break; done	while true; do gh auth status; break; done	ok:allow	ok:allow	ok:allow	ok:allow				
N26	near-miss, case arm	allow	case x in x) rm x;; esac	case x in x) printenv HOME;; esac	case x in x) git push --force origin feature;; esac	case x in x) gh auth status;; esac	ok:allow	ok:allow	FP:deny	ok:allow			Force push to main/master is not allowed: a git push that may force (a [cannot parse it (the command has a zsh construct case)]	
N27	near-miss, ! negation	allow	! rm x	! printenv HOME	! git push --force origin feature	! gh auth status	ok:allow	ok:allow	ok:allow	ok:allow				
N28	near-miss, [[ ]] && cmd	allow	[[ -n x ]] && rm x	[[ -n x ]] && printenv HOME	[[ -n x ]] && git push --force origin feature	[[ -n x ]] && gh auth status	ok:allow	ok:allow	ok:allow	ok:allow				
N29	near-miss, FOO=1 cmd	allow	FOO=1 rm x	FOO=1 printenv HOME	FOO=1 git push --force origin feature	FOO=1 gh auth status	ok:allow	ok:allow	ok:allow	ok:allow				
N30	near-miss, redirection before the word	allow	2>/dev/null rm x	2>/dev/null printenv HOME	2>/dev/null git push --force origin feature	2>/dev/null gh auth status	ok:allow	ok:allow	ok:allow	ok:allow				
N31	near-miss, redirection after	allow	rm x 2>/dev/null	printenv HOME 2>/dev/null	git push --force origin feature 2>/dev/null	gh auth status 2>/dev/null	ok:allow	ok:allow	ok:allow	ok:allow				
N32	near-miss, env	allow	env rm x	env printenv HOME	env git push --force origin feature	env gh auth status	POLICY:deny	ok:allow	ok:allow	ok:allow	BLOCKED (rm-lookup): this command deletes or destroys data outside the			
N33	near-miss, env -i	allow	env -i rm x	env -i printenv HOME	env -i git push --force origin feature	env -i gh auth status	POLICY:deny	ok:allow	ok:allow	ok:allow	BLOCKED (rm-lookup): this command deletes or destroys data outside the			
N34	near-miss, command	allow	command rm x	command printenv HOME	command git push --force origin feature	command gh auth status	ok:allow	ok:allow	ok:allow	ok:allow				
N35	near-miss, exec	allow	exec rm x	exec printenv HOME	exec git push --force origin feature	exec gh auth status	ok:allow	ok:allow	ok:allow	ok:allow				
N36	near-miss, nohup	allow	nohup rm x	nohup printenv HOME	nohup git push --force origin feature	nohup gh auth status	ok:allow	ok:allow	ok:allow	ok:allow				
N37	near-miss, sudo	allow	sudo rm x	sudo printenv HOME	sudo git push --force origin feature	sudo gh auth status	ok:allow	ok:allow	ok:allow	ok:allow				
N38	near-miss, sudo -u x	allow	sudo -u x rm x	sudo -u x printenv HOME	sudo -u x git push --force origin feature	sudo -u x gh auth status	ok:allow	ok:allow	ok:allow	ok:allow				
N39	near-miss, timeout 5	allow	timeout 5 rm x	timeout 5 printenv HOME	timeout 5 git push --force origin feature	timeout 5 gh auth status	ok:allow	ok:allow	ok:allow	ok:allow				
N40	near-miss, nice -n 5	allow	nice -n 5 rm x	nice -n 5 printenv HOME	nice -n 5 git push --force origin feature	nice -n 5 gh auth status	ok:allow	ok:allow	ok:allow	ok:allow				
N41	near-miss, time -p	allow	time -p rm x	time -p printenv HOME	time -p git push --force origin feature	time -p gh auth status	ok:allow	ok:allow	ok:allow	ok:allow				
N42	near-miss, xargs	allow	echo | xargs rm x	echo | xargs printenv HOME	echo | xargs git push --force origin feature	echo | xargs gh auth status	ok:allow	ok:allow	ok:allow	ok:allow				
N43	near-miss, caffeinate -i	allow	caffeinate -i rm x	caffeinate -i printenv HOME	caffeinate -i git push --force origin feature	caffeinate -i gh auth status	ok:allow	ok:allow	ok:allow	ok:allow				
N44	near-miss, stdbuf -oL	allow	stdbuf -oL rm x	stdbuf -oL printenv HOME	stdbuf -oL git push --force origin feature	stdbuf -oL gh auth status	ok:allow	ok:allow	ok:allow	ok:allow				
N45	near-miss, watch -n 1	allow	watch -n 1 rm x	watch -n 1 printenv HOME	watch -n 1 git push --force origin feature	watch -n 1 gh auth status	ok:allow	ok:allow	ok:allow	ok:allow				
N46	near-miss, /usr/bin/env bash -c	allow	/usr/bin/env bash -c 'rm x'	/usr/bin/env bash -c 'printenv HOME'	/usr/bin/env bash -c 'git push --force origin feature'	/usr/bin/env bash -c 'gh auth status'	POLICY:deny	ok:allow	FP:deny	ok:allow	BLOCKED (rm-lookup): this command deletes or destroys data outside the		Force push to main/master is not allowed: a git push that may force (a [cannot parse it (inside bash -c)]	
N47	near-miss, script -q /dev/null	allow	script -q /dev/null rm x	script -q /dev/null printenv HOME	script -q /dev/null git push --force origin feature	script -q /dev/null gh auth status	ok:allow	ok:allow	ok:allow	ok:allow				
N48	near-miss, heredoc fed to bash (quoted marker)	allow	bash <<'EOF'\nrm x\nEOF	bash <<'EOF'\nprintenv HOME\nEOF	bash <<'EOF'\ngit push --force origin feature\nEOF	bash <<'EOF'\ngh auth status\nEOF	ok:allow	ok:allow	FP:deny	ok:allow			Force push to main/master is not allowed: a git push that may force (a [cannot parse it (inside a here-document fed to bash)]	
N49	near-miss, heredoc fed to sh (unquoted marker)	allow	sh <<EOF\nrm x\nEOF	sh <<EOF\nprintenv HOME\nEOF	sh <<EOF\ngit push --force origin feature\nEOF	sh <<EOF\ngh auth status\nEOF	ok:allow	ok:allow	FP:deny	ok:allow			Force push to main/master is not allowed: a git push that may force (a [cannot parse it (inside a here-document fed to sh)]	
N50	near-miss, cat <<'EOF' | bash	allow	cat <<'EOF' | bash\nrm x\nEOF	cat <<'EOF' | bash\nprintenv HOME\nEOF	cat <<'EOF' | bash\ngit push --force origin feature\nEOF	cat <<'EOF' | bash\ngh auth status\nEOF	ok:allow	ok:allow	FP:deny	ok:allow			Force push to main/master is not allowed: a git push that may force (a [cannot parse it (inside a here-document fed to bash)]	
N51	near-miss, here-string bash <<<	allow	bash <<< 'rm x'	bash <<< 'printenv HOME'	bash <<< 'git push --force origin feature'	bash <<< 'gh auth status'	ok:allow	ok:allow	FP:deny	ok:allow			Force push to main/master is not allowed: a git push that may force (a [cannot parse it (inside a here-document fed to bash)]	
N52	near-miss, echo '...' | bash	allow	echo 'rm x' | bash	echo 'printenv HOME' | bash	echo 'git push --force origin feature' | bash	echo 'gh auth status' | bash	ok:allow	ok:allow	ok:allow	ok:allow				
N53	near-miss, printf '...' | sh	allow	printf 'rm x' | sh	printf 'printenv HOME' | sh	printf 'git push --force origin feature' | sh	printf 'gh auth status' | sh	ok:allow	ok:allow	ok:allow	ok:allow				
N54	near-miss, source <(echo ...)	allow	source <(echo 'rm x')	source <(echo 'printenv HOME')	source <(echo 'git push --force origin feature')	source <(echo 'gh auth status')	ok:allow	ok:allow	ok:allow	ok:allow				
N55	near-miss, . /dev/stdin <<<	allow	. /dev/stdin <<< 'rm x'	. /dev/stdin <<< 'printenv HOME'	. /dev/stdin <<< 'git push --force origin feature'	. /dev/stdin <<< 'gh auth status'	ok:allow	ok:allow	ok:allow	ok:allow				
N56	near-miss, process substitution <(cmd)	allow	cat <(rm x)	cat <(printenv HOME)	cat <(git push --force origin feature)	cat <(gh auth status)	ok:allow	ok:allow	ok:allow	ok:allow				
N57	near-miss, $(...) in unquoted heredoc to cat	allow	cat <<EOF\n$(rm x)\nEOF	cat <<EOF\n$(printenv HOME)\nEOF	cat <<EOF\n$(git push --force origin feature)\nEOF	cat <<EOF\n$(gh auth status)\nEOF	ok:allow	ok:allow	ok:allow	ok:allow				
N58	near-miss, $'word' command word	allow	$'rm' x	$'printenv' HOME	$'git' push --force origin feature	$'gh' auth status	ok:allow	ok:allow	ok:allow	ok:allow				
N59	near-miss, 'word' single-quoted command word	allow	'rm' x	'printenv' HOME	'git' push --force origin feature	'gh' auth status	ok:allow	ok:allow	ok:allow	ok:allow				
N60	near-miss, "word" double-quoted command word	allow	"rm" x	"printenv" HOME	"git" push --force origin feature	"gh" auth status	ok:allow	ok:allow	ok:allow	ok:allow				
N61	near-miss, \word backslashed command word	allow	\rm x	\printenv HOME	\git push --force origin feature	\gh auth status	ok:allow	ok:allow	ok:allow	ok:allow				
N62	near-miss, split word w''ord	allow	r''m x	p''rintenv HOME	g''it push --force origin feature	g''h auth status	ok:allow	ok:allow	ok:allow	ok:allow				
N63	near-miss, absolute path command word	allow	/usr/bin/rm x	/usr/bin/printenv HOME	/usr/bin/git push --force origin feature	/usr/bin/gh auth status	POLICY:deny	ok:allow	ok:allow	ok:allow	BLOCKED (rm-path): this command deletes or destroys data outside the T			
N64	near-miss, line continuation between words	allow	rm \\nx	printenv \\nHOME	git \\npush --force origin feature	gh \\nauth status	ok:allow	ok:allow	ok:allow	ok:allow				
N65	near-miss, line continuation inside the word	allow	r\\nm x	p\\nrintenv HOME	g\\nit push --force origin feature	g\\nh auth status	ok:allow	ok:allow	ok:allow	ok:allow				
N66	near-miss, comment line before	allow	# a note\nrm x	# a note\nprintenv HOME	# a note\ngit push --force origin feature	# a note\ngh auth status	ok:allow	ok:allow	ok:allow	ok:allow				
N67	near-miss, $(...) nested twice	allow	echo $(echo $(rm x))	echo $(echo $(printenv HOME))	echo $(echo $(git push --force origin feature))	echo $(echo $(gh auth status))	ok:allow	ok:allow	ok:allow	ok:allow				
N68	near-miss, bash -c nested in bash -c	allow	bash -c "bash -c 'rm x'"	bash -c "bash -c 'printenv HOME'"	bash -c "bash -c 'git push --force origin feature'"	bash -c "bash -c 'gh auth status'"	ok:allow	ok:allow	FP:deny	ok:allow			Force push to main/master is not allowed: a git push that may force (a [cannot parse it (inside bash -c)]	
N69	near-miss, eval of $(...) output	allow	eval "$(echo 'rm x')"	eval "$(echo 'printenv HOME')"	eval "$(echo 'git push --force origin feature')"	eval "$(echo 'gh auth status')"	ok:allow	ok:allow	FP:deny	ok:allow			Force push to main/master is not allowed: a git push that may force (a [cannot parse it (inside eval)]	
N70	near-miss, & inside { group }	allow	{ rm x & }	{ printenv HOME & }	{ git push --force origin feature & }	{ gh auth status & }	ok:allow	ok:allow	ok:allow	ok:allow				
